"Title","Author","Publisher","Published Date","Format","Pages","Series","Volume","Language","ISBN","Page Read","Item Url","Icon Path","Photo Path","Image Url","Summary","Location","Price","Genres","Rating","Added Date","Copy Index","Read","Started Reading Date","Finished Reading Date","Favorite","Comments","Tags","BookShelf","Settings"
"2000 Leguas de viaje submarino (Spanish Edition)","Servilibro, Equipo de","","","Tapa blanda","","","","","9788490051085","","https://www.goodreads.com/book/show/102021726-2000-leguas-de-viaje-submarino","","","","","","","","4.50","05/15/2025","","","","","","","","Estante C","2.9.1;243;MM/DD/YYYY;YYYY-MM-DD;05/15/2025"
"A Sangre Fria 15 (Clarin B.L.U.)","Truman, Capote","El Universo","2000","Tapa blanda","330","","","Spanish","","","https://www.amazon.com/dp/8495594099?tag=handylibrarya-20&linkCode=osi&th=1&psc=1","","","https://m.media-amazon.com/images/I/218tbYZ3drL._SL500_.jpg","On November 15, 1959, in the small town of Holcomb, Kansas, four members of the Clutter family were savagely murdered by blasts from a shotgun held a few inches from their faces. There was no apparent motive for the crime, and there were almost no clues. 

As Truman Capote reconstructs the murder and the investigation that led to the capture, trial, and execution of the killers, he generates both mesmerizing suspense and astonishing empathy. In Cold Blood is a work that transcends its moment, yielding poignant insights into the nature of American violence.","","7.69","Contemporary","4.09","05/14/2025","","","","","","","","Estante A"
"Abaddón el exterminador","Sábato, Ernesto","","1977","Tapa blanda","550","","","es","","","http://books.google.com.uy/books?id=5ERCAAAAYAAJ&dq=abandon+el+exterminador+sabato&hl=&source=gbs_api","","","https://books.google.com/books/content?id=5ERCAAAAYAAJ&printsec=frontcover&img=1&zoom=1&source=gbs_api","","","","","","05/15/2025","","","","","","","","Estante C"
"Adulterio","Cohelo, Paulo","Grijalbo","2014","Tapa blanda","273","","","Español","9789974713772","","","","","","","","","Literatura","","05/10/2025","","","","","","","","Estante A"
"Alma De Una Nueva Maquina","Kidder, Tracy","","1983","Tapa blanda","356","","","es","","","https://www.goodreads.com/book/show/101323589-alma-de-una-nueva-maquina","","","https://i.gr-assets.com/images/S/compressed.photo.goodreads.com/books/1693910448l/101323589._SX98_.jpg","The computer revolution brought with it new methods of getting work done—just look at today's news for reports of hard-driven, highly-motivated young software and online commerce developers who sacrifice evenings and weekends to meet impossible deadlines. Tracy Kidder got a preview of this world in the late 1970s when he observed the engineers of Data General design and build a new 32-bit minicomputer in just one year. His thoughtful, prescient book, The Soul of a New Machine, tells stories of 35-year-old ""veteran"" engineers hiring recent college graduates and encouraging them to work harder and faster on complex and difficult projects, exploiting the youngsters' ignorance of normal scheduling processes while engendering a new kind of work ethic.

These days, we are used to the ""total commitment"" philosophy of managing technical creation, but Kidder was surprised and even a little alarmed at the obsessions and compulsions he found. From in-house political struggles to workers being permitted to tease management to marathon 24-hour work sessions, The Soul of a New Machine explores concepts that already seem familiar, even old-hat, less than 20 years later. Kidder plainly admires his subjects; while he admits to hopeless confusion about their work, he finds their dedication heroic. The reader wonders, though, what will become of it all, now and in the future. —Rob Lightner","","","Non-fiction","4.12","05/15/2025","","","","","","","","Estante C"
"Amores para Armar: Colección de cartas de amor","Viola, Liliana","Libros del Quirquincho","","Tapa blanda","","","","spa","","","https://www.goodreads.com/book/show/43255332-amores-para-armar","","","https://i.gr-assets.com/images/S/compressed.photo.goodreads.com/books/1545067265l/43255332._SX98_.jpg","","","","","4.00","05/14/2025","","","","","","","","Estante A"
"Anecdotas Del Alma Claudio Maria Dom","Domínguez, Claudio María; BRUJAS, EDITORIAL","EDITORIAL BRUJAS","2004-01-01","Tapa blanda","146","","","Spanish","9789879880807","","https://www.amazon.com/dp/9879880803?tag=handylibrarya-20&linkCode=osi&th=1&psc=1","","","https://m.media-amazon.com/images/I/31mrbJuuZoL._SL500_.jpg","","","342.83","Subjects","1.00","05/10/2025","","","","","","","","Estante A"
"Angeles y Demonios / Angels and Demons (Spanish Edition)","Brown, Dan; Murillo, Eduardo G.","Umbriel","2004-09-01","Tapa blanda","608","Robert Langdon","","Spanish","9788495618719","","https://www.amazon.com/dp/8495618710?tag=handylibrarya-20&linkCode=osi&th=1&psc=1","","","https://m.media-amazon.com/images/I/51DSge5Pq5L._SL500_.jpg","Robert Langdon, el renombrado profesor de simbología de la universidad de Harvard es convocado a un laboratorio de alta seguridad en Suiza para analizar un símbolo grabado con fuego en el pecho de un científico asesinado. Langdon descubre lo inimaginable, una venganza sangrienta contra la iglesia por una organización secreta, que existe desde los tiempos de Galileo: los Illuminati. 

Robert Langdon, en compañía de una atractiva científica, Victoria Vetra, entran en una carrera contra el tiempo para salvar al Vaticano de la mortal arma creada por el hombre en manos de esta peligrosa organización. Juntos se embarcan en una cacería para descifrar los códigos que los illuminatis han dejado a lo largo de los siglos en pergaminos, templos, catedrales, el vaticano, y el la catacumba más secreta de la tierra, la olvidada guarida de los illuminatis.","","32.0","United States","3.95","05/14/2025","","","","","","","","Estante A"
"Anticuerpos = Antibodies (Jet de Plaza & Janes) (Spanish Edition)","Anderson, Kevin J.; Tapia, Sonia","Harlequin","1998-04-01","Tapa dura","299","The X-Files","","Spanish","9788401473753","","https://www.amazon.com/dp/8401473756?tag=handylibrarya-20&linkCode=osi&th=1&psc=1","","","https://m.media-amazon.com/images/I/51Q12H8790L._SL500_.jpg","En las humeantes ruinas de un laboratorio de investigacion genetica se encuentran el cadaver de un hombre que ha padecido una espantosa y desconocida enfermedad. Los agentes Mulder y Scully sospechan que anda suelto un portador de ese virus mortal. Y, en su carrera por tratar de evitar una epidemia de consecuencias devastadoras, tendran que enfrentarse a un hombre desesperado y enloquecido, un hombre cuyo mero contacto causa una muerte horripilante y tal vez una resurreccion aun mas horripilante...ES POSIBLE QUE UNAS MCQUINAS CREADAS PARA CURAR APRENDAR A MATAR?","","18.01","Science Fiction","3.60","05/15/2025","","","","","","","","Estante C"
"Arroyo amigo","Kipling, Rudyard","Bruguera.","1985","Tapa blanda","301","","","Spanish","","","https://www.amazon.com/dp/8402104274?tag=handylibrarya-20&linkCode=osi&th=1&psc=1","","","https://m.media-amazon.com/images/I/41leFndxOeL._SL500_.jpg","","","7.0","Subjects","3.00","05/15/2025","","","","","","","","Estante C"
"Asesinato en Roma (Cuestor Flavio Callido 1) (Spanish Edition)","Astori, Walter; Hernández Rodilla, Itziar","Roca Editorial","2019-08-31","Tapa dura","380","Questore Flavio Callido","","Spanish","9788417541521","","https://www.amazon.com/dp/8417541527?tag=handylibrarya-20&linkCode=osi&th=1&psc=1","","","https://m.media-amazon.com/images/I/51Bl2OLTPHL._SL500_.jpg","rare book","","19.95","Historical","3.60","05/14/2025","","","","","","","","Estante A"
"Atardecer / Sunset (GATOS GUERREROS / WARRIORS) (Spanish Edition)","Hunter, Erin","Salamandra Infantil y Juvenil","2017-07-15","Tapa blanda","300","Warriors: The New Prophecy","","Spanish","9788498387858","300","https://www.amazon.com/dp/849838785X?tag=handylibrarya-20&linkCode=osi&th=1&psc=1","","","https://m.media-amazon.com/images/I/51845nQHlkL._SL500_.jpg","Poco después de la llegada a su nuevo hogar en el lago, Hojarasca Acuática recibe una profecía ominosa del Clan Estelar: «Antes de que haya paz, la sangre derramará sangre y el lago se tornará rojo.» A medida que el clan se recupera del ataque devastador de los tejones, Hojarasca Acuática no puede dejar de preguntarse: ¿significan sus sueños que lo peor está por llegar? Al mismo tiempo, las sombras del pasado continúan acechando por el bosque, y mientras algunos viejos amigos intentan encontrar su lugar, otros parecen haberse perdido para siempre. En el bosque oscuro una figura acosa a Zarzoso en una peligrosa búsqueda de venganza, y el joven deberá luchar por mantenerse fiel a su clan. Un siniestro camino empieza a trazarse, y ha llegado el momento de que ciertos guerreros tomen las decisiones que determinarán su destino... y el de todos los clanes.","","16.95","Fantasy","4.38","05/10/2025","","Sí","","","","","","Estante A"
"BIBLIA REINA-VALERA 1960 (Spanish Edition)","Various","Centros de Literatura Crist","","Tapa blanda","128","","","es","9788480833509","","https://www.goodreads.com/book/show/48743537-biblia-reina-valera-1960","","","https://books.google.com/books/content?id=8LtCS9IHk9MC&printsec=frontcover&img=1&zoom=1&edge=curl&source=gbs_api","","","","","0","05/10/2025","","","","","","","","Estante A"
"Borges en Pichincha y otras memorias de un oficio perdido (Serie El diario trajín) (Spanish Edition)","Ortiz, Alberto C. Vila","","","Tapa blanda","","","","","","","https://www.goodreads.com/book/show/114596043-borges-en-pichincha-y-otras-memorias-de-un-oficio-perdido-serie-el-diar","","","","","","","","0","05/15/2025","","","","","","","","Estante C"
"Caballo de fuego París 2","Bonelli, Florencia","Suma De Letras","2012","Tapa blanda","","","","","9789870424994","","","/Pictures/Icons/9789870424994_5.jpg","/Pictures/Photos/9789870424994_5.jpg","","","","","","","05/14/2025","","","","","","","","Estante A"
"Cambiar Para Crecer (Spanish Edition)","Carlos, Shapira","Sudamericana","1998-01-01","Tapa blanda","","","","Spanish","9789500713887","","https://www.amazon.com/dp/9500713888?tag=handylibrarya-20&linkCode=osi&th=1&psc=1","","","https://m.media-amazon.com/images/I/415NVg8ThgL._SL500_.jpg","","","351.9","Literature & Fiction","0","05/14/2025","","","","","","","","Estante A"
"Cecil-Loeb Textbook of Medicine","Cecil, Russell L.; Loeb, Robert F.","Saunders: 9th, Ninth Edition","1955","Tapa dura","1786","","","English","9780721616599","","https://www.amazon.com/dp/0721616593?tag=handylibrarya-20&linkCode=osi&th=1&psc=1","","","https://m.media-amazon.com/images/I/41TQzUvd+EL._SL500_.jpg","","","24.99","Medical","","05/14/2025","","","","","","","","Estante A"
"Cellet 32GB Karbonn KT81 Cosmos Micro SDHC Card is Custom Formatted for Digital high Speed, Lossless Recording! Includes Standard SD Adapter.","Kane, Ben","Cellet","2016-11-10","Tapa blanda","448","Eagles of Rome","","Spanish","9789876278638","","https://www.amazon.com/dp/9876278630?tag=handylibrarya-20&linkCode=osi&th=1&psc=1","","","https://m.media-amazon.com/images/I/31s4lWlfkFL._SL500_.jpg","Año 15 d. C. El jefe Arminio ha sido derrotado, una de las águilas romanas recuperadas y miles de guerreros de las tribus de Germania masacrados. Sin embargo, para el centurión Lucius Tullus estas victorias no son, ni mucho menos, suficientes. No descansará hasta que el propio Arminio muera, el águila de su legión sea recuperada y las tribus enemigas totalmente exterminadas. Por su parte, Arminio, taimado y valiente, también busca venganza. Más carismático que nunca, consigue reunir otro gran ejército tribal que acosará a los romanos a lo largo y ancho de sus territorios. Muy pronto, Tullus se encuentra en un hervidero de violencia, traiciones y peligros. La crítica ha dicho... «Emocionante y llena de detalles históricos y militares, una trilogía soberbia, un auténtico éxito.» Sunday Express «Empapada en la sangre, el sudor y las lágrimas de su época, esta es una excelente combinación de historia y acción.» Historical Novel Society'","","44.72","Subjects","4.41","05/14/2025","","","","","","","","Estante A"
"Comercio exterior y técnicas de negociaciones económicas internacionales: Textos y casos (Spanish Edition)","Colaiacovo, Juan Luis","Ediciones del Río","1983","Tapa blanda","253","","","Spanish","","","https://www.amazon.com/dp/9509270016?tag=handylibrarya-20&linkCode=osi&th=1&psc=1","","","https://books.google.com/books/content?id=MJFWN8qHloUC&printsec=frontcover&img=1&zoom=1&edge=curl&source=gbs_api","","","208.85","Economics","0","05/14/2025","","","","","","","","Estante A"
"como alcanzar la sabiduria","Tagore, Rabindranath","LUMEN","2013","Tapa blanda","40","","","Spanish","9789507244513","40","https://www.amazon.com/dp/9507244514?tag=handylibrarya-20&linkCode=osi&th=1&psc=1","","","https://m.media-amazon.com/images/I/41gbYJwqRzL._SL500_.jpg","","","11.61","Subjects","0","05/10/2025","","Sí","","","","","","Estante A"
"Consorcios de Exportación","otros., Ledesma C. - Liliana E. Gnazzo y","","","Tapa blanda","","","","","9789871140121","","https://www.goodreads.com/book/show/213108188-consorcios-de-exportaci-n","","","","","","","","0","05/14/2025","","","","","","","","Estante A"
"Crisis del Capitalismo Global, La (Spanish Edition)","Soros, George","Sudamericana","1999-01-01","Tapa blanda","","","","Spanish","9789500715324","","https://www.amazon.com/dp/9500715325?tag=handylibrarya-20&linkCode=osi&th=1&psc=1","","","https://m.media-amazon.com/images/I/5187AWuYSkL._SL500_.jpg","","","19.5","Theory","3.48","05/14/2025","","","","","","","","Estante A"
"Desayuno En Tiffanys (Spanish Edition)","Capote, Truman","DEBOLS!LLO","2006","Tapa blanda","155","","","Spanish","9789875661547","","https://www.amazon.com/dp/9875661546?tag=handylibrarya-20&linkCode=osi&th=1&psc=1","","","https://m.media-amazon.com/images/I/41ECPJH50OL._SL500_.jpg","It is New York in the l940s. ln the expensive jewelry store Tiffany's, Holly Golightly feels calm and safe. The rest of her life is very different Every night is party night in her apartment. Men come and go; everything is possible. But Holly is searching for her place in the world.
Can any of these men offer her happiness?
Can she ever belong?","","40.85","Literature & Fiction","3.83","05/15/2025","","","","","","","","Estante C"
"Diario de un escribiente","","","1988","Tapa blanda","192","","","es","","","http://books.google.com.uy/books?id=rx36jwEACAAJ&dq=8483772272&hl=&source=gbs_api","","","","","","","Prosa literaria guatemalteca","","05/15/2025","","","","","","","","Estante C"
"Diccionario de incorrecciones y particularidades del lenguaje","Chavarría, Andrés Santamaría","","1967","Tapa blanda","528","","","es","","","http://books.google.com.uy/books?id=d-wjAAAAMAAJ&dq=diccionario+de+incorrecci%C3%B3n+es+y+particularidades+del+lenguaje&hl=&source=gbs_api","","","https://books.google.com/books/content?id=d-wjAAAAMAAJ&printsec=frontcover&img=1&zoom=1&source=gbs_api","","","","Spanish language","","05/14/2025","","","","","","","","Estante A"
"Diez obras de fin de siglo","S., Ramón Griffero","","2005","Tapa blanda","316","","","es","9789501200102","","http://books.google.com.uy/books?id=LnFlAAAAMAAJ&dq=9789501200102&hl=&source=gbs_api","","","https://books.google.com/books/content?id=LnFlAAAAMAAJ&printsec=frontcover&img=1&zoom=1&source=gbs_api","","","","","","05/15/2025","","","","","","","","Estante C"
"Dona Flor e Seus Dois Maridos","Amado, Jorge","Público ","","Tapa blanda","","","","por","9788493264505","","https://www.goodreads.com/book/show/6480855-dona-flor-e-seus-dois-maridos","","","","Dona Flor e Seus Dois Maridos conta a história de Florípedes Paiva, que conhece em seus dois casamentos a dupla face do amor: com o boêmio Vadinho, Flor vive a paixão avassaladora, o erotismo febril, o ciúme que corrói. Com o farmacêutico Teodoro, com quem se casa depois da morte do primeiro marido, encontra a paz doméstica, a segurança material, o amor metódico.","","","Fiction","4.03","05/15/2025","","","","","","","","Estante C"
"El astillero","Onetti, Juan Carlos","Cátedra","2001-12-31","Tapa blanda","","","","spa","9788437604336","","https://www.goodreads.com/book/show/69787.El_astillero","","","https://i.gr-assets.com/images/S/compressed.photo.goodreads.com/books/1386574751l/69787._SY160_.jpg","En El astillero alcanzan su madurez, el resplandor más compacto de la derrota, dos invenciones notables de Onetti: el fugaz antihéroe Larsen y la imperecedera, pero nunca nueva, ciudad de Santa María; esa ciudad portuaria que lo mismo podría ser el fantasma de Montevideo o de Buenos Aires, que está cerca de la ciudad argentina de rosario pero no pertenece a país alguno. Otra vez, frente a este proxeneta con rasgos místicos -Larsen-, canalla con tanto de hundido como de salvado; frente a esta ciudad inexistente en la realidad pero verdadera, de ficción pero no de juguete, podemos caer en la tentación de felicitar a Onetti por presentar un pedazo descarnado de latinoamérica, sin exotismo ni prodigios, sin utilizar la impotencia y la erosión para exportar como un folclore alegre y vendible. Pero cualquier habitante de Europa del Este, de los años 30 o de los posteriores a la segunda guerra, podría encontrar en esta ciudad catastrófica tantos factores en común como un latinoamericano o un norteamericano de una desolada ciudad del sur. La ambición de Larsen por conquistar a una débil mental -o loca- recuerda la novela serial de Isaac B. Singer, Shosha, ambientada a fines de los 30 en Polonia, y en juntacadáveres Larsen tiene más de un punto de contacto con el proxeneta polaco Max que protagoniza la novela de Singer Escoria. No son los continentes ni las épocas, ni las ideas políticas, las que unen los libros o forman generaciones literarias, sino un efluvio inmaterial constituido de reflejos deformados del alma humana, que inquieta a los lectores de cualquier tiempo y lugar.","","","1001-books","3.79","05/15/2025","","","","","","","","Estante C"
"El banquete celestial / The Heavenly Table Donald Ray Pollock (Spanish Edition)","Pollock, Donald Ray; Calvo, Javier","Literatura Random House","2017-06-27","Tapa blanda","416","","","Spanish","9788439732235","","https://www.amazon.com/dp/8439732236?tag=handylibrarya-20&linkCode=osi&th=1&psc=1","","","https://m.media-amazon.com/images/I/41IjYRUPy2L._SL500_.jpg","La nueva novela del norteamericano Donald Ray Pollock es un western que se mueve en el territorio de McCarthy, Faulkner y O'Connor, y que mezcla la satira con saludables dosis de violencia cinematografica al mas puro estilo de Peckinpah, Tarantino o los Cohen. 

Año 1917, en algún lugar olvidado de la frontera entre Georgia y Alabama. El anciano Pearl Jewett muere dejando a sus tres hijos varones para que prosigan con sus miserables existencias. Hasta ahora han llevado una vida honrada, convencidos de que su rectitud sería recompensada con un suculento banquete en el Paraíso. Pero los hermanos Jewett se han cansado de esperar al Cielo, e inspirados por las heroicas aventuras del villano literario Billy Bucket, ensillan sus caballos y atracan su primer banco.

El banquete celestial se mueve en el territorio de McCarthy, Faulkner y O´Connor, y mezcla la sátira con saludables dosis de violencia cinematográfica al más puro estilo de Peckinpah, Tarantino o los Cohen. Este western descarnado y desmesurado es también el retrato coral de una población en vías de adaptación al nuevo siglo, un lugar repleto de posibilidades adonde, día tras día, llegan los voluntarios para alistarse a la Gran Guerra pero también un agujero que oculta peligros en los rincones más insospechados.","","25.33","Historical","4.09","05/10/2025","","","","","","","","Estante A"
"El Camino a la Libertad (Spanish Edition)","Corchs, Alejandro; Spangenberg, Alejandro; Castiglioni, Cecilia; Cabral, Ciruelo","Purificación","2011-08-22","Tapa blanda","138","","","Spanish","9789974984004","","https://www.amazon.com/dp/9974984009?tag=handylibrarya-20&linkCode=osi&th=1&psc=1","","","https://m.media-amazon.com/images/I/414Tv5DIjnS._SL500_.jpg","Alejandro Corchs es autor de varios éxitos editoriales. En ellos relata su historia familiar como hijo de desaparecidos de la dictadura argentina, y cuenta cómo encontró la sanación a través del camino espiritual indígena, convirtiéndose en Hombre Medicina y Líder Espiritual de las Tradiciones Nativas de América. La unió de la familia continúa el recorrido, emprendido por El camino del puma (2013), que cualquier persona en busca de su espiritualidad debe recorrer. Segundo volumen de la trilogía El regreso de los hijos de la Tierra. «Es maravilloso y también doloroso el camino que Alejandro Corchs comparte con nosotros a lo largo de este relato, con inigualable sencillez. Una sencillez que, con seguridad, va a permitir que quienes lo lean puedan identificarse fácilmente con el autor y, quién sabe, a partir de ahí arriesgarse a iniciar su propio camino hacia la sanación de sus vidas. Alejandro Corchs tiene el don de unir lo extraordinario con lo cotidiano, estableciendo, en la práctica de su escritura, la coherencia entre lo que cuenta y cómo lo cuenta. Solo resta agradecerle por este nuevo libro y esperar que abra tantos caminos hacia el corazón y la Unión de la Familia Humana como lo hizo con El camino del puma.» Alejandro Spangenberg, Hijo del Trueno","","14.99","Self-Help","3.81","05/10/2025","","","","","","","","Estante A"
"El Desafio Mundial","Servan-Schreiber, Jean-Jacques","Impreso en Espana","1980","Tapa dura","311","","","Spanish","","","https://www.amazon.com/dp/8401370655?tag=handylibrarya-20&linkCode=osi&th=1&psc=1","","","https://m.media-amazon.com/images/I/51eANHlJu8L._SL500_.jpg","","","7.99","World","3.68","05/14/2025","","","","","","","","Estante A"
"El día de la langosta","West, Nathanael","Banda Oriental","","Tapa blanda","","","","","9789974113749","","","","","","","","","","","05/14/2025","","","","","","","","Estante A"
"EL ESPIA QUE SURGIO DEL FRIO","Carré, John Le; Morón, Nieves","Bruguera.","1982","Tapa blanda","256","George Smiley","","English","","","https://www.amazon.com/dp/8402071880?tag=handylibrarya-20&linkCode=osi&th=1&psc=1","","","https://m.media-amazon.com/images/I/51h5w4vgR8L._SL500_.jpg","In this classic, John le Carre's third novel and the first to earn him international acclaim, he created a world unlike any previously experienced in suspense fiction. With unsurpassed knowledge culled from his years in British Intelligence, le Carre brings to light the shadowy dealings of international espionage in the tale of a British agent who longs to end his career but undertakes one final, bone-chilling assignment. When the last agent under his command is killed and Alec Leamas is called back to London, he hopes to come in from the cold for good. His spymaster, Control, however, has other plans. Determined to bring down the head of East German Intelligence and topple his organization, Control once more sends Leamas into the fray -- this time to play the part of the dishonored spy and lure the enemy to his ultimate defeat.","","8.06","Subjects","4.09","05/15/2025","","","","","","","","Estante C"
"El Factor humano","Greene, Graham"," Emecé Editores","","Tapa blanda","","","","spa","","","https://www.goodreads.com/book/show/9746133-el-factor-humano","","","","En una pequeña y gris subdirección del servicio secreto inglés, el descubrimiento de que se están produciendo filtraciones de información desencadena una tensa investigación en la que sólo hay dos sospechosos: un soltero con problemas con el juego y la bebida, y un veterano a punto de jubilarse. Un clásico que aúna la intriga, la tensión narrativa y una profunda comprensión del ser humano. Una de las más perfectas tramas de espionaje que jamás se han escrito. Novela llevada al cine por Otto Preminger en 1979.","","","Fiction","3.91","05/15/2025","","","","","","","","Estante C"
"El juego de la pasión","Kosiński, Jerzy; Silva, Jaime","Bruguera","","Tapa blanda","","","","spa","","","https://www.goodreads.com/book/show/41766185-el-juego-de-la-pasi-n","","","https://i.gr-assets.com/images/S/compressed.photo.goodreads.com/books/1536573862l/41766185._SX98_.jpg","El juego de la pasión cierra el ciclo de novelas de Kosinski destinado a definir al individuo que se defiende de la sociedad. Fabián, su protagonista, es un jugador de polo profesional que se desplaza a través de los Estados Unidos al volante de un trailer gigantesco que contiene todas sus pertenencias, incluidos sus dos caballos. La travesía del mundo americano de este nuevo Lancelote, de este anti-Quijote por los torneos modernos, es sin duda un viaje iniciático, el transcurso de una vida que busca su nuevo Grial: pruebas secretas, destinos inverosímiles, combates que incluyen a otros caballeros, a la mujer y a la muerte. Pero se trata de una historia de caballería que también presenta los resortes más misteriosos y terribles de nuestra época: la violencia sexual, la perversión, el crimen. Es decir, este nuevo Quijote ya no lee novelas caballerescas, lee a Maquiavelo y Hadley Chase, aunque la pasión de Fabián siga centrada en el caballo y los rituales de la carne sólo sean el contrapunto de un universo que huye hacia el fracaso. Pero más allá de los errores de la sociedad americana y de la jet-society internacional, se impone una pureza: la unión del hombre y el caballo, de donde nace una intensa y mítica emoción salvadora.","","","Fiction","3.49","05/15/2025","","","","","","","","Estante C"
"El Peligro de La Ambicion (Spanish Edition)","M, Margolin Phillip","Vergara Editor S.A.","1997-01-01","Tapa blanda","","","","Spanish","9789501518085","","https://www.amazon.com/dp/9501518086?tag=handylibrarya-20&linkCode=osi&th=1&psc=1","","","https://m.media-amazon.com/images/I/41id8vMzWYL._SL500_.jpg","","","5.99","Literature & Fiction","3.93","05/14/2025","","","","","","","","Estante A"
"El perseguidor y otros relatos","Cortázar, Julio; Cousté, Alberto","Barcelona: Bruguera - Arte Literatura","","Tapa blanda","","","","spa","9788402064295","","https://www.goodreads.com/book/show/2161958.El_perseguidor_y_otros_relatos","","","https://i.gr-assets.com/images/S/compressed.photo.goodreads.com/books/1488673600l/2161958._SY160_.jpg","Los relatos de Julio Cortázar constituyen uno de los ejes esenciales de su gran obra narrativa. Si en sus novelas la búsqueda de una nueva expresión de la realidad, acepta incluso los riesgos de una audaz y brillante experimentación formal, en los relatos la perfección de la forma pretende no alterar la descripción de los espacios ambiguos, incomprensibles, fantásticos de la realidad. Ciñendose por tanto a una prosa sólo aparentemente realista, Cortázar logra crear, de pronto, un imprevisto, inquietante pasaje de un mundo cuyos códigos creemos conocer a otro cuyos misterios, encantos y horrores escapan a la comprensión. Y no por ello, sin embargo, son mundos diversos; la percepción de la realidad no es completa si serena, por temor o dogmatismo, sus aspectos mágicos o fantasmagóricos.

En estos veintiún relatos de Julio Cortázar, entre los que se encuentran los más perfectos de toda su obra ""El Perseguidor"", ""La autopista del Sur"", ""Casa tomada"", ""El otro cielo"", ""Cartas de mamá"", ""Después del almuerzo"", surge en todo su esplendor la gran cualidad narrativa que ha situado al autor entre los principales escritores en lengua castellana.

La vida de Cortázar se caracteriza por la riqueza de lugares en los que ha habitado. Desde Bruselas y Bandfield, hasta Mendoza y París. Esta edición incluyen fotografías y testimonios del paso de Cortázar por Buenos Aires.","","","Fiction","4.17","05/15/2025","","","","","","","","Estante C"
"El Plan de Marketing : Como Elaborarlo con Ayuda Informática Contiene Programa Informatico","Author, Unknown","","","Tapa dura","","","","Spanish","9788473561426","","https://www.amazon.com/dp/8473561422?tag=handylibrarya-20&linkCode=osi&th=1&psc=1","","","https://m.media-amazon.com/images/I/41KsUD49pbL._SL500_.jpg","","","4.0","Subjects","0","05/14/2025","","","","","","","","Estante A"
"El puente de los asesinos","Pérez-Reverte, Arturo","Alfaguara","","Tapa blanda","","Las aventuras del capitán Alatriste","","","9789974955127","","","/Pictures/Icons/9789974955127_1.jpg","/Pictures/Photos/9789974955127_1.jpg","","","","","","","05/14/2025","","","","","","","","Estante A"
"El Satiricon",", Petronius; Árbitro, Cayo Petronio; Arias, Ripoll","Ediciones 29.","1992","Tapa blanda","252","","","Spanish","","","https://www.amazon.com/dp/847175150X?tag=handylibrarya-20&linkCode=osi&th=1&psc=1","","","https://m.media-amazon.com/images/I/41id8vMzWYL._SL500_.jpg","The Satyricon is the most celebrated prose work to have survived from the ancient world. It can be described as the first realistic novel, the father of the picaresque genre. It recounts the sleazy progress of a pair of literate scholars as they wander through the cities of the southern Mediterranean in the age of Nero, encountering en route type-figures whom the author wishes to satirize. P.G. Walsh captures the spirit of the original in this new and lively translation. His introduction and detailed notes provide the reader with a comprehensive guide to the meanings and intentions of the story and the later history of its literary influence.","","5.99","Satire","3.78","05/15/2025","","","","","","","","Estante C"
"El último tango en París","Alley, Robert","","1973-01-01","Tapa blanda","","","","","","","https://www.goodreads.com/book/show/36105566-el-ltimo-tango-en-par-s","","","https://i.gr-assets.com/images/S/compressed.photo.goodreads.com/books/1503425586l/36105566._SX98_.jpg","The novelization is taken from the script by Bertolucci and Franco Arcalli, and it is at least commendably brief. The book also comes with eight pages of black-and-white stills.","","","Fiction","2.98","05/15/2025","","","","","","","","Estante C"
"Estrategia Internacional (Spanish Edition)","Jarillo, -. Martinez","McGraw-Hill Interamericana","1996-03","Tapa blanda","148","","","Spanish","9788476156728","","https://www.amazon.com/dp/8476156723?tag=handylibrarya-20&linkCode=osi&th=1&psc=1","","","https://m.media-amazon.com/images/I/41SEGvTs+FL._SL500_.jpg","Más de dos tercios de las empresas en el mundo son de propiedad familiar. Estas empresas aportan más de la mitad del PIB y del empleo en la mayoría de los países. Esto es especialmente cierto en Latinoamérica, donde no sólo la inmensa mayoría de las empresas pequeñas y medianas son familiares, sino que también entre las grandes compañías y grupos económicos predominan las empresas controladas por familias. No obstante la gran importancia de las empresas familiares, su “esperanza de vida” es baja. Sólo entre un 10 y 15% logra ir más allá de la tercera generación y la mayoría fracasa por problemas de sucesión y conflictos familiares. Este pareciera ser el destino de estas empresas. Sin embargo, el autor señala que “ese pequeño porcentaje que sí logra sobrevivir y avanzar saludablemente a través de las generaciones nos ha enseñado el camino. Hemos aprendido de esas empresas y, a través de este libro, queremos transmitir esas lecciones para que muchas más compañías de propiedad y conducción familiar se atrevan a desafiar el destino y ser exitosas en el tiempo”. Jon Martínez Echezárraga es Profesor Titular de la Cátedra de Empresas de Familia Jorge Yarur Banna en el ESE, la Escuela de Negocios de la Universidad de los Andes, Chile. Ha sido Visiting Scholar en la Universidad de Harvard y Visiting Professor en la Universidad de California (UCLA), INSEAD, Instituto de Empresa (IE) y Florida International University (FIU). Es autor de otros dos libros y numerosos artículos en revistas académicas de prestigio. Ha asesorado a decenas de empresas familiares y familias empresarias en Argentina, Brasil, Chile, México y otros países de Latinoamérica, en temas tales como sucesión, gobierno corporativo y gobierno de la familia. Cuenta, además, con una valiosa experiencia como miembro del Directorio o Consejo de Administración de muchas empresas familiares. Es Doctor (Ph.D) en Dirección de Empresas por el IESE de Barcelona y realizó estudios post-doctorales en el MIT de Boston.","","5.05","Finance","0","05/14/2025","","","","","","","","Estante A"
"Estrategias de Alianzas (Spanish Edition)","Unknown","Macchi Grupo Editorial","1999-01-01","Tapa blanda","","","","Spanish","9789505374472","","https://www.amazon.com/dp/950537447X?tag=handylibrarya-20&linkCode=osi&th=1&psc=1","","","https://m.media-amazon.com/images/I/11zq9MlNdTL._SL500_.jpg","","","216.24","Commercial Policy","0","05/14/2025","","","","","","","","Estante A"
"Estrategias Para La Competitividad de Las Pymes (Spanish Edition)","Gras, Jose Maria Gomez","","","Tapa blanda","","","","","9788448108038","","https://www.goodreads.com/book/show/12883243-estrategias-para-la-competitividad-de-las-pymes","","","","","","","","0","05/14/2025","","","","","","","","Estante A"
"Guía para la comunidad empresarial: acuerdo general sobre comercio de servicios","Centro De Comercio Internacional","Commonwealth Secretariat","","Tapa blanda","","Edición revisada","","","9291371874","","","","","","","","","","","05/14/2025","","","","","","","","Estante A"
"Guía para la comunidad empresarial: acuerdo general sobre comercio de servicios","Centro De Comercio Internacional","Commonwealth Secretariat","","Tapa blanda","","Edición revisada","","","9291371874","","","","","","","","","","","05/14/2025","1","","","","","","","Estante A"
"Hacia la economía del futuro y otros ensayos","Drucker, Peter F.","","","Tapa blanda","239","","","Español","9500067080","","","/Pictures/Icons/9500067080_3.jpg","/Pictures/Photos/9500067080_3.jpg","","","","","","","05/15/2025","","","","","","","","Estante C"
"Hombres de Armas (Mundodisco 15) (Discworld) (Spanish Edition)","Pratchett, Terry; Solé, Albert","DEBOLSILLO","2005-04-08","Tapa blanda","352","Discworld","","Spanish","9788497936231","50","https://www.amazon.com/dp/849793623X?tag=handylibrarya-20&linkCode=osi&th=1&psc=1","","","https://m.media-amazon.com/images/I/51yGJgvr92L._SL500_.jpg","La Guardia de la Ciudad necesita hombres y no faltan proclamas para reclutarlos. Sin embargo, hasta el momento, la Guardia Nocturna solo cuenta con los voluntariosos servicios del Cabo Zanahoria (técnicamente un enano), el agente Cuddy (realmente un enano), el agente Detritus (un troll), la agente Angua (una mujer… la mayor parte del tiempo) y el cabo Nobbs (descalificado de la carrera evolutiva por hacer trampas). Pero ahora nuestros protagonistas necesitan toda la ayuda que puedan conseguir. Deben hacer frente a toda costa a un asesino despiadado que se sirve de una nueva y mortífera arma y, lo que es peor, tiene un plan para devolver a la ciudad de Ankh-Morpork a su antiguo esplendor.
La misión no será fácil para nuestros vigilantes. Comparado con la que se les viene encima, acabar con aquel dragón que atacó la ciudad años atrás resultó fácil. Y si la tarea es de por sí complicada incluso para un cuerpo de vigilancia normal, para la Guardia Nocturna puede convertirse, literalmente, en un auténtico quebradero de cabeza.","","17.26","Family Saga","4.41","05/14/2025","","","","","","","","Estante A"
"Iacocca - Autobiografia Triunfador (Spanish Edition)","Iacocca, Lee","Grijalbo","","Tapa blanda","","","","Spanish","","","https://www.amazon.com/dp/9502800656?tag=handylibrarya-20&linkCode=osi&th=1&psc=1","","","https://m.media-amazon.com/images/I/41DC4XYzrAL._SL500_.jpg","He's an American legend, a straight-shooting businessman who brought Chrysler back from the brink and in the process became a media celebrity, newsmaker, and a man many had urged to run for president.

The son of Italian immigrants, Lee Iacocca rose spectacularly through the ranks of Ford Motor Company to become its president, only to be toppled eight years later in a power play that should have shattered him. But Lee Iacocca didn't get mad, he got even. He led a battle for Chrysler's survival that made his name a symbol of integrity, know-how, and guts for millions of Americans.

In his classic hard-hitting style, he tells us how he changed the automobile industry in the 1960s by creating the phenomenal Mustang. He goes behind the scenes for a look at Henry Ford's reign of intimidation and manipulation. He recounts the miraculous rebirth of Chrysler from near bankruptcy to repayment of its $1.2 billion government loan so early that Washington didn't know how to cash the check.

From the Trade Paperback edition.","","4.55","Commercial Policy","3.99","05/15/2025","","","","","","","","Estante C"
"Investigación de mercados","Malhotra, Naresh K.; Ferri, Diego Quiroga; Fernández-Salvador, Carmen; Jeria, Rodrigo Moreno; Ponce, Mateo; Royert, César Adolfo Ávila; Sevilla, Ana María; Sevilla, Elisa; Lane, Kris; Lambert, Andrew","Prentice Hall Ediciones","2013","Tapa blanda","389","","","Spanish","9789702611851","","https://www.amazon.com/dp/9702611857?tag=handylibrarya-20&linkCode=osi&th=1&psc=1","","","https://m.media-amazon.com/images/I/41C5x8eqyrL._SL500_.jpg","BOOKS IN SPANISH","","73.65","Operations Research","3.00","05/14/2025","","","","","","","","Estante A"
"Investigación de mercados estratégica","Trenzano, José Maria Ferre","","","Tapa blanda","","","","","9788480882163","","https://www.goodreads.com/book/show/4231342-investigaci-n-de-mercados-estrat-gica","","","","INVESTIGACION DE MERCADOS COMO UTILIZAR DE FORMA INT ELIGENTE LA INFORMACION DE LOS ESTUDIOS DE MERCADO","","","","0","05/14/2025","","","","","","","","Estante A"
"ISO 9001 para la pequeña empresa: Recomendaciones del Comité ISO/TC 176. 3.ª edición (Spanish Edition)","(ISO), Organización Internacional de Normalización","","","Tapa blanda","","","","","9788481436822","","https://www.goodreads.com/book/show/101550317-iso-9001-para-la-peque-a-empresa","","","","","","","","","05/14/2025","","","","","","","","Estante A"
"Jacarandá","Fontanals, Otilia","","1977","Tapa blanda","120","","","es","","","http://books.google.com.uy/books?id=BNewAAAACAAJ&dq=8489251479&hl=&source=gbs_api","","","","","","","Spanish language","","05/14/2025","","","","","","","","Estante A"
"Juanita Julepe Y La Maquina De Olvidar/ Junita Julepe and the Machine of Forgetfullness (Spanish Edition)","Berocay, Roy","Sudamericana","2007-01-01","Tapa blanda","223","","","Spanish","9789974801394","","https://www.amazon.com/dp/9974801397?tag=handylibrarya-20&linkCode=osi&th=1&psc=1","","","https://m.media-amazon.com/images/I/41CSiWA2YQL._SL500_.jpg","","","99.99","Education & Reference","4.39","05/10/2025","","","","","","","","Estante A"
"La alternativa del diablo","Forsyth, Frederick","","1979-09-17","Tapa blanda","","","","spa","","","https://www.goodreads.com/book/show/1106266.La_alternativa_del_diablo","","","","En la Unión Soviética se da una mala cosecha de cereal y en Ucrania se manifiestan inquietudes nacionalistas. Y esta es la punta del iceberg que puede conducir a un choque frontal entre las dos superpotencias mundiales durante la guerra fría. Frederick Forsyth exhibe en esta obra sus mejores cualidades de novelista. La trama, elaborada y apasionante, mezcla política internacional, amor, nacionalismo y una galería de personajes redondos y convincentes.","","","Fiction","4.09","05/15/2025","","","","","","","","Estante C"
"La charca silenciosa (Spanish Edition)","Trius, Gustavo Piera; Trius, Gustavo Piera","Empresa Activa","2009-05-25","Tapa blanda","128","","","Spanish","9788492452323","","https://www.amazon.com/dp/8492452323?tag=handylibrarya-20&linkCode=osi&th=1&psc=1","","","https://m.media-amazon.com/images/I/41DTbZu7KKL._SL500_.jpg","¿Por qué las ranas dejaron de croar? Donde hay un porqué hay un cómo.

Si sabemos las razones que motivan nuestras acciones descubriremos la mejor forma de llevarlas a cabo.

De eso trata esta entretenida y esclarecedora fábula, en la que el autor nos hace plantearnos las seis razones que nos permiten el éxito en la vida. Preguntándose y buscando la respuesta a estos seis porqués, será mucho más fácil luego conseguir cómo hacer lo que deseemos.

A través de la fábula de unas ranas acomodadas que habían dejado de croar por no tener ninguna razón para hacerlo, pero que salen a la aventura en busca de sus porqués, Gustavo Piera nos invita a reflexionar.","","13.95","Personal Transformation","2.89","05/15/2025","","","","","","","","Estante C"
"La computadora sentimental (Spanish Edition)","Jaccard, Blanca Ravagnan de","Plus Ultra","1985","Tapa blanda","78","","","Spanish","","","https://www.amazon.com/dp/9502107675?tag=handylibrarya-20&linkCode=osi&th=1&psc=1","","","","","","232.56","Subjects","4.00","05/15/2025","","","","","","","","Estante C"
"La conjura del faraón","Cabanas, Antonio","B de Bolsillo (Ediciones B)","2009-10-07","Tapa dura","576","","","Spanish","9788498723328","576","https://www.amazon.com/dp/8498723329?tag=handylibrarya-20&linkCode=osi&th=1&psc=1","","","https://m.media-amazon.com/images/I/61w+c63K0fL._SL500_.jpg","Nel cuore dell'Antico Egitto, ai tempi di Ramesse III, Nefermaat, l'eletto di Sekmet, un giovane medico dall'intelligenza curiosa e brillante, viene risucchiato in una vertiginosa avventura la cui protagonista è la storia stessa della grande civiltà del Nilo. Figlio di un maggiordomo reale, dopo un'infanzia travagliata negli ambienti di corte, Nefermaat è chiamato a seguire un destino che lo consacra a cultore dell'antica arte medica egizia. Un lungo apprendistato lo conduce dal tempio della dea Sekmet al cospetto di Anón, l'eccentrico saggio babilonese che lo inizia ai segreti di pratiche curative millenarie. Il giovane si appresta a divenire medico del faraone quando a corte ritrova Nubkhesed, la conturbante principessa che è stata sua compagna di giochi nell'infanzia. Incapace di resistere al suo fascino e alieno alle infide trame delle lotte per il potere, Nefermaat antepone le ragioni del cuore ai codici di rango, intrecciando un'appassionata relazione clandestina su cui incombono i più infausti presagi. Prima che possa rendersene conto, il medico rimane invischiato nella ""congiura dell'harem"", un complotto ordito da una delle consorti di Ramesse III e definito da alcuni storici il primo tentativo di golpe della Storia. Paradigma di rettitudine e integrità in un universo dominato dall'intrigo, Nefermaat verrà condannato ai lavori forzati e costretto all'esilio, ma non esiterà a rischiare la vita per smascherare l'inganno, e riabilitare il suo onore.","","5.68","Historical","3.80","05/15/2025","","Sí","","","","","","Estante C"
"La ficcionalidad en el discurso literario","Appratto, Roberto","","","Tapa blanda","","","","","9789974845367","23","","/Pictures/Icons/9789974845367_5.jpg","/Pictures/Photos/9789974845367_5.jpg","","","","","","","05/14/2025","","","","","","","","Estante A"
"La Guerra de Las Pymes (Spanish Edition)","Sol","Nuevo Extremo","1999-01-01","Tapa blanda","187","","","Spanish","9789509681767","","https://www.amazon.com/dp/9509681768?tag=handylibrarya-20&linkCode=osi&th=1&psc=1","","","https://m.media-amazon.com/images/I/51kp-AMrqYL._SL500_.jpg","","","339.66","Commercial Policy","4.00","05/14/2025","","","","","","","","Estante A"
"La guerra del fin del mundo / The War of the End of the World (Spanish Edition)","Llosa, Mario Vargas","Lectorum Pubns","1981","Tapa blanda","531","","","Spanish","","","https://www.amazon.com/dp/8401380014?tag=handylibrarya-20&linkCode=osi&th=1&psc=1","","","https://m.media-amazon.com/images/I/51CxBGujF0L._SL500_.jpg","十九世纪末期，在巴西东北地区的腹地，贫困的农民大众被恶劣的自然环境所困，被封建的统治阶级剥削，唯有宗教信仰是他们唯一的精神寄托。在这样的背景下，神秘的传教士“劝世者”来到卡奴杜斯，宣扬末日的考验和天国的来临，很快受到了广大群众的拥戴。越来越多的人响应了“劝世者”的号召，纷纷投奔卡奴杜斯建立理想中的乐园。

农民起义受到了统治阶级的无情镇压，巴西政府派兵围剿卡奴杜斯，起义者誓死反抗，要进行一场世界末日之战。经过悲壮的四轮斗争，起义最终被镇压，但这场起义已对巴西民族的觉醒产生了深远的影响。

《世界末日之战》是略萨第一部写秘鲁之外国家的作品，是在历史事实基础上进行的文学虚构，“为我们提供了一个充满活力、丰富多彩、热情激荡的一八九〇年的巴西形象---一个从君主制向共和制过渡的形象。”","","7.0","Literature & Fiction","4.25","05/10/2025","","","","","","","","Estante A"
"La historia me absolverá","Castro, Fidel","","1958-01-01","Tapa blanda","","","","","9789872173425","","https://www.goodreads.com/book/show/632073.La_historia_me_absolver_","","","","El 16 de octubre de 1953, un joven abogado cubano, quien había sido encarcelado por el intento de asalto a los cuarteles de Moncada y Céspedes junto a otro grupo de jovenes cubanos, pronuncia un histórico y brillante alegato frente a los jueces en su autodefensa, improvisando, sin notas, sin apuntes … El 26 de julio de 1953, el joven abogado había asaltado con un grupo de rebeldes el Cuartel del Moncada, en Santiago de Cuba. El ataque fracasó y el dirigente fue detenido. El nombre de ese muchacho era Fidel Castro y allí comenzó su andar en la Historia. Él mismo preparó su defensa. Lo que iba a ser un castigo ejemplar para los insurgentes se convirtió en un nuevo asalto a la dictadura de Batista y el preludio de la Revolución Cubana. Con un discurso minucioso, Fidel trazó un programa democrático y de liberación nacional, sin exponer todavía sus intenciones profundas, que se concretarían más adelante en la primera revolución socialista de América, pero eso ya es … otra historia.

(libro en PDF: http://www.cubadebate.cu/libros-libre...)","","","History","4.14","05/15/2025","","","","","","","","Estante C"
"La informalidad en las MIPYMES de Uruguay","","","","Tapa blanda","","","","","9789974494633","","","/Pictures/Icons/9789974494633_9.jpg","/Pictures/Photos/9789974494633_9.jpg","","","","","","","05/14/2025","","","","","","","","Estante A"
"La inteligencia emocional en la empresa","Goleman, Daniel; Kaplan, Robert Steven; David, Susan; Review, Harvard Business","Javier Vergara-Argentina","1999","Tapa blanda","460","","","Spanish","9789501519501","111","https://www.amazon.com/dp/9501519503?tag=handylibrarya-20&linkCode=osi&th=1&psc=1","","","https://m.media-amazon.com/images/I/51Jfn8esrgL._SL500_.jpg","Goleman explores the concept of emotional intelligence applied to the workplace. Those who reach high levels within a company have great control over their emotions. He addresses major issues related to work including the organization of a company based on emotional intelligence.","","17.6","Success","3.82","05/10/2025","","","","","","","","Estante A"
"La tierra, nuestra morada","Chebataroff, Jorge","","1958","Tapa blanda","484","","","es","","","http://books.google.com.uy/books?id=2m1jAAAAMAAJ&dq=nuestra+tierra+nuestra+morada&hl=&source=gbs_api","","","https://books.google.com/books/content?id=2m1jAAAAMAAJ&printsec=frontcover&img=1&zoom=1&source=gbs_api","","","","Geography","","05/14/2025","","","","","","","","Estante A"
"La Ventaja Competitiva de Las Naciones (Spanish Edition)","Porter, Michael E.","Vergara Editor S.A.","1991","Tapa blanda","1025","","","Spanish","9789501511055","","https://www.amazon.com/dp/9501511057?tag=handylibrarya-20&linkCode=osi&th=1&psc=1","","","https://m.media-amazon.com/images/I/412HIRh0jkL._SL500_.jpg","","","110.59","Commercial Policy","4.16","05/14/2025","","","","","","","","Estante A"
"Las aventuras de la abeja Maya","bonsels","Editorial Juventud ","","Tapa blanda","","Die Biene Maja und ihre Abenteuer","","","9788426135193","","https://www.goodreads.com/book/show/2212173.Las_aventuras_de_la_abeja_Maya","","","https://i.gr-assets.com/images/S/compressed.photo.goodreads.com/books/1556281318l/2212173._SX98_.jpg","Maya es una abeja de naturaleza excepcional. Ya en su primer día de vida se dice: “Jamás volveré a la colmena, para llevar miel o preparar cera. Quiero recorrer el mundo. Yo no soy como las otras abejas; mi corazón está hecho para la alegría y las sorpresas, para las emociones y las aventuras. No me atemoriza ningún peligro. ¿Acaso no tengo fuerza, valor y un aguijón? ¡Es delicioso vivir!” Así emprende su aventura, el aprendizaje en el mundo de los insectos, su organización y sus costumbres, sin perder nunca su curiosidad, su bondad y su amor a la vida y sin dejar de maravillarse por la belleza de la naturaleza. Y antes de finalizar su viaje verá cumplido su deseo: conocer al hombre.","","","Classics","3.86","05/15/2025","","","","","","","","Estante C"
"Las Campa~nas Militares del General San Martin","Soria, Diego A.","Instituto Nacional Sanmartiniano","2004-01-01","Tapa dura","163","","","","9789879459621","","https://www.goodreads.com/book/show/5438388-las-campa-nas-militares-del-general-san-martin","","","","","","","","5.00","05/15/2025","","","","","","","","Estante C"
"Las Ratas","Bianco, José","Cámara Argentina del Libro","1900","Tapa blanda","124","","","Spanish","","","https://www.amazon.com/dp/9509394327?tag=handylibrarya-20&linkCode=osi&th=1&psc=1","","","https://m.media-amazon.com/images/I/41DTLoHnI0L._SL500_.jpg","[...] Las ratas de José Bianco es un ejemplo único de esa diversidad. En la concisa perfección de su escritura, en la desasosegada historia de una familia culta de clase media, se esconde un drama que condensa múltiples claves de la sociedad argentina.","","24.98","Subjects","3.53","05/15/2025","","","","","","","","Estante C"
"Las viudas de los jueves","Piñeiro, Claudia","ALFAGUARA","2015-05-01","Tapa blanda","160","","","spa","9789507827150","","https://www.goodreads.com/book/show/311718.Las_viudas_de_los_jueves","","","https://books.google.com/books/content?id=qVc-CQAAQBAJ&printsec=frontcover&img=1&zoom=1&edge=curl&source=gbs_api","Detrás de las altas paredes perimetrales, más allá de los portones reforzados por barreras y flanqueados por garitas de vigilancia, se encuentra Altos de la Cascada. Afuera, la ruta, la barriada popular de Santa María de los Tigrecitos, la autopista, la ciudad, el resto del mundo. En Altos de la Cascada viven familias que llevan un mismo estilo de vida y que quieren mantenerlo cueste lo que cueste. Allí, en el country, un grupo de amigos se reúne semanalmente lejos de las miradas de sus hijos, sus empleadas domésticas y sus esposas, quienes, excluidas del encuentro varonil, se autodenominan, bromeando, “las viudas de los jueves”. Pero una noche la rutina se quiebra y ese hecho permite descubrir, en un país que se desmorona, el lado oscuro de una vida “perfecta”.","","","Argentina","3.58","05/15/2025","","","","","","","","Estante C"
"Liza of Lambeth (Esprios Classics)","Maugham, W. Somerset","","","Tapa blanda","","","","","9781715753351","","https://www.goodreads.com/book/show/65047159-liza-of-lambeth","","","","","","","Classics","3.40","05/15/2025","","","","","","","","Estante C"
"Los caballeros del rey Arturo","Anonymous","Editorial Acme","","Tapa blanda","","","","spa","","100","https://www.goodreads.com/book/show/29499428-los-caballeros-del-rey-arturo","","","https://i.gr-assets.com/images/S/compressed.photo.goodreads.com/books/1457901979l/29499428._SX98_.jpg","","","","Clásicos","3.89","05/15/2025","","Sí","","","","","","Estante C"
"Los secretos de Osiris: y otros misterios del Antiguo Egipto (Spanish Edition)","Cabanas, Antonio","B de Bolsillo","2014-03-19","Tapa blanda","400","","","Spanish","9788498729368","400","https://www.amazon.com/dp/849872936X?tag=handylibrarya-20&linkCode=osi&th=1&psc=1","","","https://m.media-amazon.com/images/I/41kGu0TuKKL._SL500_.jpg","Antonio Cabanas, autor de El ladrón de tumbas y El hijo del desierto, abandona con esta novela el terreno de la ficción para presetarnos una apasionante visión del Antiguo Egipto A pesar de los dos mil años transcurridos desde su desaparición, el Antiguo Egipto aún ejerce una poderosa fascinación. Antonio Cabanas abandona el terreno de la ficción para presentarnos una apasionante visión del Antiguo Egipto a partir de sus historias más difundidas y también de las más desconocidas…, y nos desvela numerosos enigmas que arrojan luz sobre la historia, la costumbres,las creencias y la tecnología de los habitantes de la Tierra Negra. «Si existe una civilización cuya sola mención sea sinónima de los más insondables misterios, ésa es, sin duda, la del Antiguo Egipto. La milenaria cultura de este pueblo se halla impregnada deinfinidad de enigmasque parecen perderse entre las espesas brumas de un pasado ya lejano y especialmente distante de nosotros.»
Antonio Cabanas","","23.83","North Africa","3.66","05/15/2025","","Sí","","","","","","Estante C"
"Los Tambores del Candombe (Coleccion Peces) (Spanish Edition)","Ferreira, Luís","Ediciones Colihue","2002-11","Tapa blanda","213","","","Spanish","9789974530027","","https://www.amazon.com/dp/9974530024?tag=handylibrarya-20&linkCode=osi&th=1&psc=1","","","https://m.media-amazon.com/images/I/11-kpD13jwL._SL500_.jpg","","","1045.92","Percussion","0","05/15/2025","","","","","","","","Estante C"
"Luz estelar / Starlight (GATOS GUERREROS / WARRIORS) (Spanish Edition)","Hunter, Erin","Salamandra","2016-09-30","Tapa blanda","318","Warriors: The New Prophecy","","Spanish","9788498387438","318","https://www.amazon.com/dp/8498387434?tag=handylibrarya-20&linkCode=osi&th=1&psc=1","","","https://m.media-amazon.com/images/I/51IieTQpj6L._SL500_.jpg","Los gatos han llegado finalmente al que será su nuevo hogar, el que sus antepasados habían deseado para ellos. Sin embargo, aún tienen por delante un camino largo y difícil. Los clanes deberán dejar a un lado aquello que los ha unido durante la travesía y emprender la tarea de delimitar nuevos territorios y aprender a detectar los peligros que esconde este entorno desconocido. Y todavía más importante: tendrán que encontrar una manera de sustituir la Piedra Lunar. Así, mientras esperan una señal definitiva del Clan Estelar, algunos gatos empiezan a sospechar que más de un guerrero alberga intenciones malvadas, y que los peligros del bosque no son nada comparados con los que se agazapan en el seno de los propios clanes...","","14.53","Fantasy","4.28","05/10/2025","","Sí","","","","","","Estante A"
"Manager Fortalecido, El (Spanish Edition)","Block, Peter","PAIDOS IBERICA","1990-01-01","Tapa blanda","362","","","Spanish","9788475096018","","https://www.amazon.com/dp/8475096018?tag=handylibrarya-20&linkCode=osi&th=1&psc=1","","","https://m.media-amazon.com/images/I/51Lv2ZruH2L._SL500_.jpg","El manager fortalecido es un libro escrito para dos clases de para los ejecutivos que tienen a su cargo la tarea de dirigir una empresa y que luchan diariamente por crear y dar forma a una idea en la que personalmente cree, una organización que refleje sus valores más profundos sobre el trabajo, la eficacia, la so","","16.14","Commercial Policy","3.83","05/14/2025","","","","","","","","Estante A"
"Manual Para Elaborar Un Plan de Mercadotecnia (Spanish Edition)","Valinas, Ricardo Fernandez","I.T.P. Latin America","2001-01-01","Tapa blanda","256","","","Spanish","9789706863492","","https://www.amazon.com/dp/9706863494?tag=handylibrarya-20&linkCode=osi&th=1&psc=1","","","https://m.media-amazon.com/images/I/41HZKl+XmLL._SL500_.jpg","","","219.99","Commercial Policy","4.00","05/15/2025","","","","","","","","Estante C"
"Manual para la transferencia de tecnología entre empresas latinoamericanas","","","1986","Tapa blanda","220","","","es","","","http://books.google.com.uy/books?id=slCNAAAAIAAJ&dq=manual+para+la+transferencia+de+tecnolog%C3%ADa+entre+empresas+latinoamericanas&hl=&source=gbs_api","","","https://books.google.com/books/content?id=slCNAAAAIAAJ&printsec=frontcover&img=1&zoom=1&source=gbs_api","","","","Technology transfer","","05/14/2025","","","","","","","","Estante A"
"Marca del Deseo, La (Spanish Edition)","Domínguez, Claudio María","Ediciones Temas de Hoy","1994-01-01","Tapa blanda","254","","","Spanish","9789507300141","","https://www.amazon.com/dp/9507300147?tag=handylibrarya-20&linkCode=osi&th=1&psc=1","","","https://m.media-amazon.com/images/I/51CjSp0oGVL._SL500_.jpg","Book by Dominguez, Claudio","","344.0","Literature & Fiction","3.00","05/15/2025","","","","","","","","Estante C"
"Men, motives, and markets","Alerson, Wroe; Halbert","","","Tapa blanda","","","","","","","https://www.goodreads.com/book/show/159022301-men-motives-and-markets","","","","","","","","","05/14/2025","","","","","","","","Estante A"
"MUERTE DE LA LUZ","Martin, George R.R.","SUDAMERICANA","2014","Tapa blanda","288","","","Spanish","9789506444679","","https://www.amazon.com/dp/9506444676?tag=handylibrarya-20&linkCode=osi&th=1&psc=1","","","https://books.google.com/books/content?id=MbEWEAAAQBAJ&printsec=frontcover&img=1&zoom=1&edge=curl&source=gbs_api","A whisperjewel has summoned Dirk t’Larien to Worlorn, and a love he thinks he lost. But Worlorn isn’t the world Dirk imagined, and Gwen Delvano is no longer the woman he once knew. She is bound to another man, and to a dying planet that is trapped in twilight. Gwen needs Dirk’s protection, and he will do anything to keep her safe, even if it means challenging the barbaric man who has claimed her. But an impenetrable veil of secrecy surrounds them all, and it’s becoming impossible for Dirk to distinguish between his allies and his enemies. In this dangerous triangle, one is hurtling toward escape, another toward revenge, and the last toward a brutal, untimely demise.","","17.95","Subjects","3.56","05/10/2025","","","","","","","","Estante A"
"Negociacion y Contratacion Internacional (Spanish Edition)","Colaiacovo, Juan L.","","2004","Tapa blanda","120","","","es","","","https://www.goodreads.com/book/show/86632642-negociacion-y-contratacion-internacional","","","https://books.google.com/books/content?id=PqPIAAAACAAJ&printsec=frontcover&img=1&zoom=1&source=gbs_api","Will Kymlicka ha sido profesor de las Universidades de Princeton y Toronto y director de investigación del Centro Canadiense de Filosofía y Política Pública de la Universidad de Ottawa (1994-1998) En la actualidad es director de investigación de la Queen ́s University de Kingston, profesor visitante de la Universidad Central Europea de Budapest y presidente de la Asociación Americana de Ciencia Política y Filosofía Legal. Autor de cinco libros publicados por la Oxford University Press: Liberalismo, Comunidad y Cultura, Filosofía Política Contemporánea (1990), Ciudadanía multicultural, Indagando nuestro camino. Repensando las relaciones etnoculturales en Canadá y Política vernácula. Nacionalismo, Multiculturalismo y Ciudadanía, es editor de los volúmenes Justicia en Filosofía Política y Los derechos de las culturas minoritarias. Asimismo, es coeditor de un número importante de influyentes volúmenes colectivos. Sus obras han sido traducidas a treinta idiomas.","","","Philosophy","0","05/14/2025","","","","","","","","Estante A"
"Negocios y Comercialización Internacional","Ledesma, Carlos A.; Zapata, Cristina I.","","1993","Tapa blanda","718","","","es","9789505372553","","https://www.goodreads.com/book/show/75905480-negocios-y-comercializaci-n-internacional","","","","","","","Business","0","05/14/2025","","","","","","","","Estante A"
"Nueva Riqueza De Las Naciones, La","Sorman","FisicalBook","1900-01-01","Tapa blanda","256","","","English","","","https://www.amazon.com/dp/9500807432?tag=handylibrarya-20&linkCode=osi&th=1&psc=1","","","https://books.google.com/books/content?id=f5Q7pluvH54C&printsec=frontcover&img=1&zoom=1&edge=curl&source=gbs_api","","","350.88","Subjects","0","05/14/2025","","","","","","","","Estante A"
"Odessa","Forsyth, Frederick","Circulo de Lectores","1976","Tapa dura","360","The Odessa novels","","French","","","https://www.amazon.com/dp/8422606631?tag=handylibrarya-20&linkCode=osi&th=1&psc=1","","","https://m.media-amazon.com/images/I/41n2sOi0ElL._SL500_.jpg","The suicide of an elderly German Jew explodes into revelation after revelation: a Mafia-like organization called Odessa, a real-life fugitive known at the ""Butcher of Riga"", a young German journalist turned obsessed avenger...and ultimately, of a brilliant, ruthless plot to reestablish the worldwide power of SS mass murders and to carry out Hitler's chilling ""Final Solution.""","","12.53","Subjects","4.14","05/15/2025","","","","","","","","Estante C"
"Pasaje Silencioso, El","Sheehy","Atlantida","","Tapa dura","","","","English","9789500810821","","https://www.amazon.com/dp/9500810824?tag=handylibrarya-20&linkCode=osi&th=1&psc=1","","","https://m.media-amazon.com/images/I/41WneSHK2dL._SL500_.jpg","","","219.31","Parenting & Relationships","0","05/10/2025","","","","","","","","Estante A"
"Proyectos de exportación y estrategias de marketing internacional: Textos y casos sobre agroindustria, servicios y artesanía (Spanish Edition)","Colaiacovo, Juan Luis; Assefh, Antonio A.","Ediciones del Rio","1983","Tapa blanda","622","","","Spanish","","","https://www.amazon.com/dp/9509270008?tag=handylibrarya-20&linkCode=osi&th=1&psc=1","","","https://books.google.com/books/content?id=TvhFAAAAYAAJ&printsec=frontcover&img=1&zoom=1&source=gbs_api","","","343.79","Commercial Policy","0","05/14/2025","","","","","","","","Estante A"
"Reingenieria En La Gerencia (Spanish Edition)","Champy, James","Grupo Editorial Norma","","Tapa blanda","244","","","Spanish","9789580431992","","https://www.amazon.com/dp/958043199X?tag=handylibrarya-20&linkCode=osi&th=1&psc=1","","","https://m.media-amazon.com/images/I/51CL950ELXL._SL500_.jpg","","","39.99","Commercial Policy","3.53","05/14/2025","","","","","","","","Estante A"
"Robo para la corona: Los frutos prohibidos del arbol de la corrupcion","Verbitsky, Horacio","Planeta","1994","Tapa blanda","396","","","English","","","https://www.amazon.com/dp/9507421459?tag=handylibrarya-20&linkCode=osi&th=1&psc=1","","","https://m.media-amazon.com/images/I/41id8vMzWYL._SL500_.jpg","Un clásico del periodismo de investigación de todos los tiempos que sacudió a la opinión pública por narrar sin eufemismos y con información implacable la corrupción menemista. Robo para la corona, ya convertido en un gran libro de historia, describe con detalle las oscuras maniobras que se llevaron a cabo durante la era de las privatizaciones, mientras reinaba en el país político un clima de transgresión descarada.","","7.28","Literature & Fiction","3.52","05/15/2025","","","","","","","","Estante C"
"Shibumi/Shibumi (Spanish Edition)","Trevanian","Aims Intl Books Corp","1983","Tapa blanda","462","Nicholai Hel","","Spanish","","","https://www.amazon.com/dp/8401303060?tag=handylibrarya-20&linkCode=osi&th=1&psc=1","","","https://m.media-amazon.com/images/I/510v+eMihdL._SL500_.jpg","A westerner raised in Japan, he survived the destruction of Hiroshima to emerge as the world's most artful lover and its most accomplished assassin. His greatest desire is to attain a state of effortless perfection . . . shibumi. But he is about to face his most sinister and corrupt enemy -- a supermonolith of espionage and monopoly bent on destroying
him. . . .


From the Paperback edition.","","63.62","Action & Adventure","4.18","05/15/2025","","","","","","","","Estante C"
"Single & Single - Tapa Dura (Spanish Edition)","Carré, John Le","Plaza & Janes Editores, S.A.","1999","Tapa blanda","","","","Spanish","9788401327575","","https://www.amazon.com/dp/8401327571?tag=handylibrarya-20&linkCode=osi&th=1&psc=1","","","https://m.media-amazon.com/images/I/410Aiq8kWiL._SL500_.jpg","A lawyer from the London finance house of Single & Single is shot dead on a Turkish hillside by people with whom he thought he was in business. A children's magician in the English countryside is asked by his bank to explain the unsolicited arrival of more than five million pounds sterling in his young daughter's modest trust. A freighter bound for Liverpool is boarded by Russian coast guards in the Black Sea. The celebrated London merchant venturer ""Tiger""Single disappears into thin air.

In Single & Single the writer who both epitomizes and transcends the novel of espionage opens with a haunting set piece, then establishes a sequence of events whose connections are mysterious, complex and compelling. This is a story of corrupt liaisons between criminal elements in the new Russian states and the world of legitimate finance in the West. Le Carré's finest novel in years, it is also an intimate portrait of two families: one Russian, the other English; one trading illicit goods, the other laundering the profits; one betrayed by a son-in-law, the other betrayed, and redeemed, by a son.

This is territory le Carré knows better than anyone. Masterful and prescient, he is writing at the height of his creative powers, and Oliver Single, the central protagonist, is one of his most fascinating characters.
","","5.0","Literature & Fiction","3.62","05/14/2025","","","","","","","","Estante A"
"Tesoros De Vida",", Unknown; BRUJAS, EDITORIAL","EDITORIAL BRUJAS","2004-01-01","Tapa blanda","","","","English","9789879452141","","https://www.amazon.com/dp/9879452143?tag=handylibrarya-20&linkCode=osi&th=1&psc=1","","","https://m.media-amazon.com/images/I/41z0mcQ5hiL._SL500_.jpg","","","207.87","Subjects","0","05/10/2025","","","","","","","","Estante A"
"The Hija de La Eternidad (Spanish Edition)","Rocha, Adriana; Jorde Kristi","Vergara Editor S.A.","1999-01-01","Tapa blanda","","","","Spanish","9789501519433","","https://www.amazon.com/dp/9501519430?tag=handylibrarya-20&linkCode=osi&th=1&psc=1","","","https://m.media-amazon.com/images/I/51QWZ6h1XfL._SL500_.jpg","","","217.17","Foreign Language Study & Reference","3.96","05/15/2025","","","","","","","","Estante C"
"The Importance of Being Earnest","Wilde, Oscar","Prestwick House","1895-02-14","Tapa blanda","","","","eng","9781580495806","","https://www.goodreads.com/book/show/92303.The_Importance_of_Being_Earnest","","","","Oscar Wilde's madcap farce about mistaken identities, secret engagements, and lovers entanglements still delights readers more than a century after its 1895 publication and premiere performance. The rapid-fire wit and eccentric characters of The Importance of Being Earnest have made it a mainstay of the high school curriculum for decades.

Cecily Cardew and Gwendolen Fairfax are both in love with the same mythical suitor. Jack Worthing has wooed Gwendolen as Ernest while Algernon has also posed as Ernest to win the heart of Jack's ward, Cecily. When all four arrive at Jack's country home on the same weekend the ""rivals"" to fight for Ernest's undivided attention and the ""Ernests"" to claim their beloveds pandemonium breaks loose. Only a senile nursemaid and an old, discarded hand-bag can save the day!

This Prestwick House Literary Touchstone Edition includes a glossary and reader's notes to help the modern reader appreciate Wilde's wry wit and elaborate plot twists.","","","Classics","4.17","05/15/2025","","","","","","","","Estante C"
"Todo O NADA (Spanish Edition)","Adler, Elizabeth","Vergara","2000-01-01","Tapa blanda","301","","","Spanish","9789501521221","","https://www.amazon.com/dp/9501521222?tag=handylibrarya-20&linkCode=osi&th=1&psc=1","","","https://m.media-amazon.com/images/I/41id8vMzWYL._SL500_.jpg","La joven abogada y profesora de derecho Marla Cwitowitz ama su trabajo, pero ansia hacer algo mas excitante. Cuando ella y su intimo amigo, el investigador privado Al Giraud, tropiezan con el caso mas importante de su carrera, se entusiasma ante la oportunidad de iniciarse como detective. Según las noticias periodísticas, la agente inmobiliaria Laurie Martin ha desaparecido y posiblemente este muerta. Dias antes, Marla y Al la vieron cenar con un hombre muy atractivo, que resulta ser Steve Mallard, casado y padre de familia, y principal sospechoso de la desaparición de Laurie. Marla intuye que hay algo extraño en la historia, y la intuición nunca le ha fallado. A pesar de que Al desea que se mantenga al margen, ya que teme por su seguridad, Marla decide tomar el asunto en sus propias manos. En poco tiempo, Marla y Al se encontraran siguiendo la pista de un frio y cínico criminal a través de los Estados Unidos, mientras se esfuerzan en probar la inocencia de Mallard. Marla ha encontrado, finalmente, la excitación que buscaba. Con ella, ha sido siempre todo o nada.","","5.87","Literature & Fiction","3.60","05/15/2025","","","","","","","","Estante C"
"Tuya","Piñeiro, Claudia","Varios","2013","Tapa blanda","176","Tuya","","Spanish","9789870409878","","https://www.amazon.com/dp/9870409873?tag=handylibrarya-20&linkCode=osi&th=1&psc=1","","","https://m.media-amazon.com/images/I/21UK9VJHrmL._SL500_.jpg","Un corazón dibujado con rouge, cruzado por un “te quiero” y firmado “Tuya”, le revela a Inés que su marido la engaña. Lo que sigue a continuación no sólo es un policial vertiginoso y atrapante, sino un retrato implacable de la vida familiar de la clase media. Claudia Piñeiro capta con genialidad los tonos de las voces de la sociedad argentina. Y entre ellas la de un ama de casa dispuesta a todo con tal de conservar su matrimonio y las buenas apariencias.","","10.24","Subjects","3.77","05/14/2025","","","","","","","","Estante A"
"Un perfil perdido","Sagan, Françoise","Plaza & Janés.","1978-01-01","Tapa blanda","187","","","Spanish","","","https://www.amazon.com/dp/B00EMAMAE8?tag=handylibrarya-20&linkCode=osi&th=1&psc=1","","","https://m.media-amazon.com/images/I/51qCZB449rL._SL500_.jpg","As erotic and sophisticated as ever, Françoise Sagan's latest novel again maps out the complexities and ironies in the relationships between men and women, offering some stringent observations on the lives of the very, very rich.

'As a constant admirer of Miss Sagan's work, I was pleased to find her latest novel, Lost Profile, not only up to her established standards but really among the best of her oeuvre. Swift, graceful and well-equipped, with a goodly assortment of those zestful insights peculiar to Miss Sagan' - Truman Capote","","19.89","Subjects","3.67","05/15/2025","","","","","","","","Estante C"
"Un Regalo Para Mi Madre","Riba, Lydia Maria; Lavandeira, Sandra","Vergara & Riba Editoras","1998-12","Tapa dura","48","","","Spanish","9789879581612","","https://www.amazon.com/dp/987958161X?tag=handylibrarya-20&linkCode=osi&th=1&psc=1","","","https://m.media-amazon.com/images/I/61DMCTV0K2L._SL500_.jpg","","","8.12","Personal Transformation","4.50","05/15/2025","","","","","","","","Estante C"
"Una Educación Mortal (The Scholomance, #1)","Novik, Naomi; Hernández, Patricia Sebastián","EDICIONES URANO","2022-02-08","Tapa blanda","383","The Scholomance","1","es","9788419130150","383","https://www.goodreads.com/book/show/199509956-una-educaci-n-mortal","","","https://books.google.com/books/content?id=CqXQEAAAQBAJ&printsec=frontcover&img=1&zoom=1&edge=curl&source=gbs_api","De la autora best seller de Un cuento oscuro y  Un mundo helado llega la fascinante historia de una hechicera oscura destinada a reescribir las reglas de la magia. Decidí que Orion Lake debía morir cuando me salvó la vida por segunda vez. Todo el mundo adora a Orion Lake. Todos los demás, quiero decir. Por mí puede meterse su rimbombante magia combativa por donde le quepa. No pienso unirme a su grupo de fervientes seguidores. A diferencia del resto, yo no necesito la ayuda de nadie para sobrevivir a la Escolomancia. Olvídate de las hordas de monstruos y de los artefactos  lo más probable es que no haya nada más peligroso en este colegio que yo. En cuanto te descuides, destruiré montañas, aniquilaré a millones de personas y me convertiré en la siniestra reina del mundo. Al menos, eso es lo que todos esperan que haga. A la mayoría de los estudiantes les encantaría que Orion acabara conmigo igual que si fuera otra de las diabólicas criaturas que salen de los desagües. A veces pienso que quieren que me convierta en la bruja maléfica que creen que soy. El colegio, desde luego, lo está deseando. Pero no voy a darle a la Escolomancia lo que quiere. Ni tampoco a Orion Lake. Tal vez nadie me considere la heroína perfecta, pero pienso salir de aquí con vida. Y sin provocar una masacre. Aunque sí estoy planteándome seriamente cargarme a cierta persona. Naomi Novik ha creado con impecable destreza a una heroína para la posteridad; un personaje tan logrado y rico en matices que permanecerá en nuestro corazón y en nuestra mente durante mucho tiempo. «Una educación mortal es una pesadilla de la que nunca desearía despiadada, ingeniosa y conmovedora. Novik utiliza la iconografía de nuestra infancia (escuelas de magia, maldiciones, compañeros de clase crueles, monstruos) solo para darle la vuelta y crear una historia nueva y grandiosa que conseguirá que vuelvas a creer en la magia». Pierce Brown, autor de Edad oscura","","","Fantasy","3.95","05/10/2025","","Sí","","","","","","Estante A"
"Visualización creativa","Gawain, Shakti; Sánchez, Joaquín Negrón","","","Tapa blanda","","","","","9788478082902","","https://www.goodreads.com/book/show/7607584-visualizaci-n-creativa","","","","When it comes to creating the life you want, Shakti Gawain literally wrote the book. Now considered a classic, Creative Visualization teaches readers how to use their imaginations to manifest their deepest desires.","","","Self-help","4.12","05/15/2025","","","","","","","","Estante C"
